Workbook

Sheet 14-10-2025-TO-14-10-2026-HAL-AL
A1: Symbol | B1: Series | C1: Date | D1: Prev Close | E1: Open Price | F1: High Price | G1: Low Price | H1: Last Price | I1: Close Price | J1: Average Price | K1: Total Traded Quantity | L1: Turnover ₹ | M1: No. of Trades | N1: Deliverable Qty | O1: % Dly Qt to Traded Qty
A2: HAL | B2: EQ | C2: 46308 | D2: 4760 | E2: 4760 | F2: 4875 | G2: 4720 | H2: 4869 | I2: 4869 | J2: 4813.37 | K2: 607858 | L2: 2.9258445e+09 | M2: 42294 | N2: 287471 | O2: 47.29
A3: HAL | B3: EQ | C3: 46307 | D3: 4655.6 | E3: 4662 | F3: 4777 | G3: 4662 | H3: 4760 | I3: 4760 | J3: 4744.47 | K3: 527818 | L3: 2.5042188e+09 | M3: 36084 | N3: 262568 | O3: 49.75
A4: HAL | B4: EQ | C4: 46304 | D4: 4647.4 | E4: 4650 | F4: 4696 | G4: 4590 | H4: 4655.6 | I4: 4655.6 | J4: 4658.83 | K4: 503087 | L4: 2.3437957e+09 | M4: 33850 | N4: 177288 | O4: 35.24
A5: HAL | B5: EQ | C5: 46303 | D5: 4746.3 | E5: 4756.7 | F5: 4759.8 | G5: 4620.5 | H5: 4647.4 | I5: 4647.4 | J5: 4678.36 | K5: 521431 | L5: 2.4394418e+09 | M5: 39062 | N5: 258290 | O5: 49.53
A6: HAL | B6: EQ | C6: 46302 | D6: 4816 | E6: 4819.9 | F6: 4831.4 | G6: 4732.1 | H6: 4746.3 | I6: 4746.3 | J6: 4781.65 | K6: 515972 | L6: 2.4671974e+09 | M6: 40877 | N6: 255469 | O6: 49.51
A7: HAL | B7: EQ | C7: 46301 | D7: 4680 | E7: 4680 | F7: 4837.1 | G7: 4680 | H7: 4816 | I7: 4816 | J7: 4783.61 | K7: 935720 | L7: 4.47612e+09 | M7: 71654 | N7: 528676 | O7: 56.5
A8: HAL | B8: EQ | C8: 46300 | D8: 4601 | E8: 4601 | F8: 4688 | G8: 4601 | H8: 4680 | I8: 4680 | J8: 4661.33 | K8: 465865 | L8: 2.1715525e+09 | M8: 52986 | N8: 263181 | O8: 56.49
A9: HAL | B9: EQ | C9: 46296 | D9: 4668 | E9: 4666 | F9: 4699.7 | G9: 4559.3 | H9: 4601 | I9: 4601 | J9: 4634.91 | K9: 739864 | L9: 3.4292015e+09 | M9: 67972 | N9: 314778 | O9: 42.55
A10: HAL | B10: EQ | C10: 46295 | D10: 4549.3 | E10: 4640 | F10: 4701 | G10: 4614.7 | H10: 4668 | I10: 4668 | J10: 4668.14 | K10: 1233758 | L10: 5.7593567e+09 | M10: 62129 | N10: 659216 | O10: 53.43
A11: HAL | B11: EQ | C11: 46294 | D11: 4738 | E11: 4723 | F11: 4723.1 | G11: 4549.3 | H11: 4549.3 | I11: 4549.3 | J11: 4640.39 | K11: 1096291 | L11: 5.0872136e+09 | M11: 48346 | N11: 770580 | O11: 70.29
A12: HAL | B12: EQ | C12: 46293 | D12: 4800 | E12: 4790.1 | F12: 4793.9 | G12: 4720.7 | H12: 4738 | I12: 4738 | J12: 4746.55 | K12: 810334 | L12: 3.8462924e+09 | M12: 43491 | N12: 530977 | O12: 65.53
A13: HAL | B13: EQ | C13: 46290 | D13: 4774.2 | E13: 4774.2 | F13: 4819.5 | G13: 4760.1 | H13: 4800 | I13: 4800 | J13: 4788.29 | K13: 384467 | L13: 1.8409401e+09 | M13: 30272 | N13: 190961 | O13: 49.67
... A248: HAL | B248: EQ | C248: 45944 | D248: 4745.4 | E248: 4755 | F248: 4793.9 | G248: 4730.1 | H248: 4741 | I248: 4746.8 | J248: 4756.37 | K248: 790981 | L248: 3.7621982e+09 | M248: 62350 | N248: 466996 | O248: 59.04

Sheet Sheet1
A1: Date | B1: Close Price | C1: Daily returns | E1: category | F1: Date | G1: Daily return(%) | H1: Trading Volume
A2: 45944 | B2: 4746.8 | E2: Largest Positive | F2: =INDEX($A$3:$A$260,MATCH(G2,$C$3:$C$260,0)) -> 46050 | G2: =LARGE($C$3:$C$260,1) -> 6.335518 | H2: =INDEX('14-10-2025-TO-14-10-2026-HAL-AL'!K:K,MATCH(F2,'14-10-2025-TO-14-10-2026-HAL-AL'!C:C,0)) -> 1837685
A3: 45945 | B3: 4845.2 | C3: =(B3-B2)/B2 * 100 -> 2.0729755 | E3: Largest Positive | F3: =INDEX($A$3:$A$260,MATCH(G3,$C$3:$C$260,0)) -> 46240 | G3: =LARGE($C$3:$C$260,2) -> 5.9203445 | H3: =INDEX('14-10-2025-TO-14-10-2026-HAL-AL'!K:K,MATCH(F3,'14-10-2025-TO-14-10-2026-HAL-AL'!C:C,0)) -> 4796689
A4: 45946 | B4: 4861.3 | C4: =(B4-B3)/B3 * 100 -> 0.33228762 | E4: Largest Positive | F4: =INDEX($A$3:$A$260,MATCH(G4,$C$3:$C$260,0)) -> 46113 | G4: =LARGE($C$3:$C$260,3) -> 5.264969 | H4: =INDEX('14-10-2025-TO-14-10-2026-HAL-AL'!K:K,MATCH(F4,'14-10-2025-TO-14-10-2026-HAL-AL'!C:C,0)) -> 2246768
A5: 45947 | B5: 4878.5 | C5: =(B5-B4)/B4 * 100 -> 0.35381482 | E5: Largest Positive | F5: =INDEX($A$3:$A$260,MATCH(G5,$C$3:$C$260,0)) -> 46146 | G5: =LARGE($C$3:$C$260,4) -> 5.0866599 | H5: =INDEX('14-10-2025-TO-14-10-2026-HAL-AL'!K:K,MATCH(F5,'14-10-2025-TO-14-10-2026-HAL-AL'!C:C,0)) -> 2841170
A6: 45950 | B6: 4860 | C6: =(B6-B5)/B5 * 100 -> -0.37921492 | E6: Largest Positive | F6: =INDEX($A$3:$A$260,MATCH(G6,$C$3:$C$260,0)) -> 46190 | G6: =LARGE($C$3:$C$260,5) -> 4.8099065 | H6: =INDEX('14-10-2025-TO-14-10-2026-HAL-AL'!K:K,MATCH(F6,'14-10-2025-TO-14-10-2026-HAL-AL'!C:C,0)) -> 1421845
A7: 45951 | B7: 4858.2 | C7: =(B7-B6)/B6 * 100 -> -0.037037037 | E7: Largest negetive | F7: =INDEX($A$3:$A$260,MATCH(G7,$C$3:$C$260,0)) -> 46057 | G7: =SMALL($C$3:$C$260,1) -> -5.6661596 | H7: =INDEX('14-10-2025-TO-14-10-2026-HAL-AL'!K:K,MATCH(F7,'14-10-2025-TO-14-10-2026-HAL-AL'!C:C,0)) -> 5290920
A8: 45953 | B8: 4810.2 | C8: =(B8-B7)/B7 * 100 -> -0.98802025 | E8: Largest negetive | F8: =INDEX($A$3:$A$260,MATCH(G8,$C$3:$C$260,0)) -> 46054 | G8: =SMALL($C$3:$C$260,2) -> -5.2495995 | H8: =INDEX('14-10-2025-TO-14-10-2026-HAL-AL'!K:K,MATCH(F8,'14-10-2025-TO-14-10-2026-HAL-AL'!C:C,0)) -> 4034039
A9: 45954 | B9: 4814.2 | C9: =(B9-B8)/B8 * 100 -> 0.083156626 | E9: Largest negetive | F9: =INDEX($A$3:$A$260,MATCH(G9,$C$3:$C$260,0)) -> 46157 | G9: =SMALL($C$3:$C$260,3) -> -4.8133681 | H9: =INDEX('14-10-2025-TO-14-10-2026-HAL-AL'!K:K,MATCH(F9,'14-10-2025-TO-14-10-2026-HAL-AL'!C:C,0)) -> 2201976
A10: 45957 | B10: 4756.8 | C10: =(B10-B9)/B9 * 100 -> -1.1923061 | E10: Largest negetive | F10: =INDEX($A$3:$A$260,MATCH(G10,$C$3:$C$260,0)) -> 46058 | G10: =SMALL($C$3:$C$260,4) -> -4.3062768 | H10: =INDEX('14-10-2025-TO-14-10-2026-HAL-AL'!K:K,MATCH(F10,'14-10-2025-TO-14-10-2026-HAL-AL'!C:C,0)) -> 6343724
A11: 45958 | B11: 4724.5 | C11: =(B11-B10)/B10 * 100 -> -0.67902792 | E11: Largest negetive | F11: =INDEX($A$3:$A$260,MATCH(G11,$C$3:$C$260,0)) -> 46280 | G11: =SMALL($C$3:$C$260,5) -> -4.2813456 | H11: =INDEX('14-10-2025-TO-14-10-2026-HAL-AL'!K:K,MATCH(F11,'14-10-2025-TO-14-10-2026-HAL-AL'!C:C,0)) -> 809202
A12: 45959 | B12: 4695.1 | C12: =(B12-B11)/B11 * 100 -> -0.62228807
A13: 45960 | B13: 4650.2 | C13: =(B13-B12)/B12 * 100 -> -0.95631616
A14: 45961 | B14: 4679.8 | C14: =(B14-B13)/B13 * 100 -> 0.63653176
A15: 45964 | B15: 4694.7 | C15: =(B15-B14)/B14 * 100 -> 0.31838967
A16: 45965 | B16: 4685.8 | C16: =(B16-B15)/B15 * 100 -> -0.18957548
A17: 45967 | B17: 4593.6 | C17: =(B17-B16)/B16 * 100 -> -1.9676469
A18: 45968 | B18: 4626.6 | C18: =(B18-B17)/B17 * 100 -> 0.7183908
A19: 45971 | B19: 4789.8 | C19: =(B19-B18)/B18 * 100 -> 3.5274283
A20: 45972 | B20: 4862.6 | C20: =(B20-B19)/B19 * 100 -> 1.5198964
A21: 45973 | B21: 4748.5 | C21: =(B21-B20)/B20 * 100 -> -2.3464813
A22: 45974 | B22: 4751 | C22: =(B22-B21)/B21 * 100 -> 0.052648205
A23: 45975 | B23: 4729.8 | C23: =(B23-B22)/B22 * 100 -> -0.44622185
... A248: 46308 | B248: 4869 | C248: =(B248-B247)/B247 * 100 -> 2.289916

Sheet Nifty 50
A1: Date | B1: Open | C1: High | D1: Low | E1: Close | F1: Shares Traded | G1: Turnover (₹ Cr)
A2: 46059 | B2: 25605.8 | C2: 25703.95 | D2: 25491.9 | E2: 25693.7 | F2: 375476124 | G2: 29777.45
A3: 46058 | B3: 25755.9 | C3: 25757.65 | D3: 25579.5 | E3: 25642.8 | F3: 343812628 | G3: 28582.32
A4: 46057 | B4: 25675.05 | C4: 25818.55 | D4: 25563.95 | E4: 25776 | F4: 429788986 | G4: 36899.12
A5: 46056 | B5: 26308.05 | C5: 26341.2 | D5: 25641.3 | E5: 25727.55 | F5: 637263148 | G5: 52338.39

Sheet Sheet3
A1: Date | B1: Close | C1: Daily Return (%)
A2: 46056 | B2: 25727.55
A3: 46057 | B3: 25776 | C3: =(B3-B2)/B2*100 -> 0.18831953
A4: 46058 | B4: 25642.8 | C4: =(B4-B3)/B3*100 -> -0.51675978
A5: 46059 | B5: 25693.7 | C5: =(B5-B4)/B4*100 -> 0.19849626

Sheet Sheet5
A1: Date | B1: HAL Return (%) | C1: NIFTY 50 Return (%)
A2: 46057 | B2: -5.6661596 | C2: 0.18831953
A3: 46058 | B3: -4.3062768 | C3: -0.51675978
A4: 46059 | B4: 0.79296246 | C4: 0.19849626
